topic_id,topic_label,PER-01 Ray Delgado,PER-02 Marv Tollefson,PER-03 Linda Marchetti,PER-04 Tomás Ibarra,PER-05 Maya Chen,PER-06 Devin Okafor,PER-07 Priya Raman,PER-08 Jonah Pruitt
t-thin-wall,Thin-wall & low-rigidity parts,3,1,1,0,0,0,0,0
t-quoting,Quoting & estimating judgment,3,1,0,2,1,0,0,0
t-5ax-workholding,5-axis setups & workholding,2,3,0,0,0,1,0,1
t-tight-tol,Tight tolerance & thermal control,2,2,2,2,0,0,1,0
t-fai-cmm,First article (AS9102) & CMM inspection,1,1,3,0,0,0,2,0
t-outside-proc,Heat treat finishing & outside processing,2,0,2,1,1,0,0,0
t-cam,CAM programming & toolpath strategy,1,2,0,1,0,0,0,2
t-m-vf4,Haas VF-4,1,2,0,1,0,1,0,1
t-m-st20,Haas ST-20,0,0,0,2,0,1,0,1
t-m-dmu50,DMG MORI DMU 50,2,3,0,0,0,0,0,1
t-m-genos,Okuma GENOS M560-V,1,2,0,0,0,1,0,1
t-m-integrex,Mazak INTEGREX i-200,1,1,0,3,0,0,0,2
t-m-swiss,Citizen Cincom L20 (Swiss),0,0,0,3,0,1,0,2
t-m-cmm,ZEISS CONTURA (CMM),0,0,3,0,0,0,2,0
t-m-wedm,Mitsubishi MV2400R (wire EDM),1,2,0,1,0,0,0,0
t-mat-6061,6061 aluminum,2,2,1,2,1,1,1,1
t-mat-7075,7075 aluminum,2,2,1,1,1,1,0,1
t-mat-174ph,17-4 PH stainless,2,2,1,2,0,0,0,1
t-mat-316,316 stainless,1,1,1,2,0,1,0,1
t-mat-ti64,Titanium (Ti-6Al-4V),3,1,0,0,0,0,0,1
t-mat-in718,Inconel 718,3,1,0,2,0,0,0,0
t-mat-peek,PEEK,1,1,0,2,0,0,0,1
t-cus-01,Aerovance,3,1,2,0,1,0,1,0
t-cus-02,Halvorsen Flight Controls,2,2,2,1,0,0,0,0
t-cus-03,Sutrella Surgical,1,0,2,2,1,0,1,1
t-cus-04,Quantrel Semiconductor Equipment,1,2,1,0,1,1,0,1
t-cus-05,Graymoor Defense Systems,2,2,2,1,0,0,0,0
t-cus-06,Velmont Guidance Systems,2,1,1,1,0,0,0,0
